Nome da loja,Telefone da loja,Local da loja
Arezzo,(11) 3595-9099,1º Piso
Chilli Beans,11 93219 3422,Piso Térreo
CROCS,(11) 94344-1506,1° Piso
Cinemark,(11) 3199-3944 / (11) 94458-7041,4° Piso
Arranjos Express,(11) 98951-5352,1° Subsolo
Abreutur,(11) 3702-1842,3º Piso
ArtWalk,(11) 3595-2547 / 11 98924-5323,2° Piso
CVC,(11) 3595-9092,3° Piso
Daiso,(11) 97430 7519,3° Piso
Bacio Di Latte,(71) 99138-1224,3º Piso
Acium,(11) 96374-9292,3º Piso
Baked Potato,11 91605-0068,3º Piso
Banco do Brasil,(11) 97486-4319,Piso Térreo
Barbearia Garagem,(11) 98939-0077,Piso Térreo
Bayard,(11) 99478-5959,2° Piso
Bel Cosméticos,11 99995 9496,Piso Térreo
DayCâmbio,(11) 3595-8590 / (11) 93388-5151,1° Subsolo
Claro,(11) 3595-9083 / (11) 97879-7284,Piso Térreo
Biscoitê,(11) 3595-9094 / (11) 97456-2019,1º Piso
Bennemann,(11) 93409-7784,Piso Térreo
Contém1gr e Sallve,1193715-0389,Piso Térreo
Boft &#8211; Máquina de Foto,(11) 93714-6049,Piso Térreo
DECO,(11) 3750 4784 - Ramal 571 - (11) 99288-3532,Térreo
Acquazero,(11) 3595-9057 / (11) 99108-6801,3º SUBSOLO
Converse,(11) 98378-0206,Piso Térreo
Brooksfield,(11) 3595-2572,1° Piso
BubbleKill,(11) 99478-4713,Piso Térreo
Corello,(11) 3595-1442,Piso Térreo
Escova Express,11 97286-8236,3° Piso
Dengo,(11) 3595-8591,Piso Térreo
Cotação Câmbio,(11) 94017-9672,3° Piso
Adcos,(11) 99283-4104,2º Piso
CREAMY,(11) 3595-1290,Piso Térreo
Burger King,(11) 93231-8832,3º Piso
Divino Fogão,11 97455 8009,3º Piso
Diesel,(11) 3595-1430 / (11) 96315-1282,1° Piso
Criamigos,(11) 99701-9576,Piso Térreo
Calvin Klein,11- 4002 -1010,Piso Térreo
Droga Raia,(11) 3595-8568 / (11) 99706-3666,Piso Térreo
Espaço Laser,(11) 97951-0477,Piso Térreo
Camarada Camarão,(41) 98809-6172,4º Piso
Ana Capri,(11) 3595-8583 / (11) 9 9695-7757,2° Piso
Estúdio Mais,(11) 98243-6285,2° Piso
Giuliana Flores,(11) 95208-8021 / (11) 97971-2865,Piso Térreo
Equilibrium Massage,(11) 3595-1205 / (11) 99246-4560,1° Subsolo
HOLY COW,(11) 2050-0267,3° Piso
Andiamo,(11) 99647-8767,4º Piso
Granado Pharmácias,(11) 3595-2514 / (11) 97069-1971,1° Piso
Casa Bauducco,(11) 3595-1294,Piso Térreo
Fascar,(11) 95130-3365,1° Piso
Guess,(11) 97802-9837,1° Piso
Insulfim,(11) 3595-2500,5° Subsolo
Intimate,(11) 3595-2525,Piso Térreo
KFC,(11) 97583-3336,3° Piso
Animale,(11) 3595-9074 / (11) 95057-7113,2º Piso
Hope Lingerie,11 99222 3520,Piso Térreo
Cellairis,(11) 4750-2473/(11) 99100 6163,Piso Térreo
Haikai,11 4210 5770,3° Piso
Intimissimi / Calzedonia,(11) 91100-7575,Piso Térreo
Fast Shop,(11) 4380-7133 / (11) 94449-5600,1º Piso
Lindt,(11) 91620-0902,Piso Térreo
Kit Kat chocolatory,(11) 4293-0069 / (11) 99224-4280,Piso Térreo
Antix,(11) 91306-8446,1º Piso
Hamburgueria Jota,(11) 91027-2430,Jardim Externo
Live!,(11) 3595-9088 / (11) 96619-5606,Piso Térreo
Kings Sneakers,(11) 3595-8577,Piso Térreo
Havaianas,(11) 3849-5780,2° Piso
Manai,(11) 98911-2011,3° Piso
Arabek,(11) 3595-2562 / (11) 98906-5848,3° Piso
Iplace,(11) 3595-2530 / 2531,2° Piso
Mc Donalds,(11) 3995-1426 / (11) 94219-5419,3° Piso
Kopenhagen,(11) 2997-0014 / (11) 97504-3819,1° Piso
Mania de Churrasco,(11) 3595-2537,3° Piso
Hering,(11) 3595-1280 / (11) 98458-0805,1° Piso
Livraria da Vila,(11) 95875-5553,3° Piso
Fuel,(11) 3595-2502 / (11) 99811-0471,1° Piso
Kipling,(11) 3595-2593,2° Piso
Jacques Janine,(11) 99387-6580.,2º Piso
Gendai,(11) 3595-2521 / (11) 94199-7407,3º Piso
Highstil,(11) 3595-1454 / (11) 98200-4192,2° Piso
L&#8217;occitane Au Brésil,(11) 3595-2572,Piso Térreo
Lofty Style,(11) 5242-3888,Piso Térreo
Natura,(11) 3595-8565 / (11) 99406-3745,1° Piso
Missmott,(11) 4305-8578,2º Piso
MMartan,(11) 3595-9844 / (11) 99446-3004,2° Piso
Giraffas,(11) 2424-0805 / (11) 94455-1485,3° Piso
Jin Jin,(11) 3595-2517 / (11) 95669-8302,3° Piso
Montana Grill,(11) 98297-6661,3° Piso
Opaque,(11) 4280-6389 / (11) (11) 972305917,3° Piso
Nutra Fit,(11) 97195-1112,Piso Térreo
L&#8217;occitane en Provence,(11) 97344-5417,1° Piso
Lotérica Cidade da Sorte,(11) 99258-3868 / (11) 99462-8557,1° Subsolo
Johnny Joy,(11) 3595-2542 / 2543,3° Piso
Paulista Souvenier,,Piso Térreo
Osklen,(11) 3595-1470 / (11) 99274-6447,1° Piso
Loungerie,(11) 3595-2579 / (11) 96189-4404,1º Piso
Outback,,4° Piso
Papoula,,Piso Térreo
Lebriju,(11) 3595-8563,Piso Térreo
Johnny Rockets,(11) 9 8705-1652,4° Piso
Pecorino,,2° Piso
Ótica Chilli Beans,(11) 3595-1438 / (11) 93086-3746,2° Piso
Pandora,,2º Piso
Levi&#8217;s,(11) 98912-6906,1° Piso
Popeyes,,3° Piso
Lupo,(11) 3595-1279,Piso Térreo
Samsung,,Piso Térreo
Junto e Misturado,(11) 98125-9439,1° Piso
Morana,(11) 3595-2549,Piso Térreo
Shoulder,,Piso Térreo
Oakberry,(11) 3595-1487,3° Piso
Life by Vivara,(11) 3595-1436 / (11) 96301-9272,Piso Térreo
Madero,(11) 93235-2224,2º Piso
Kalunga,(11) 99403-6113,2° Piso
Puket,,2° Piso
Sestini,,Piso Térreo
Schutz,,2° Piso
SJ Time,,1° Subsolo
Swarovski,,1° Piso
Mr Cheney,(11) 3595-2580 / (11) 3595-2581,3° Piso
Reserva,,Piso Térreo
Óticas Carol,(11) 3595-1467 / (11) 97697-5726,Piso Térreo
Unhas Cariocas,,1° Subsolo
Mr Pretzel&#8217;s,(11) 3595-2518 / (11) 97597-6995,2° Piso
Ri Happy,,1° Piso
Vivo,,Piso Térreo
Tasty Grill,,3° Piso
World Tennis,,Piso Térreo
Rice,,3° Piso
Via Laser,,2° Piso
Starbucks,,Piso Térreo
Munny,1056 (TIM),Piso Térreo
Youcom,,1° Piso
Samsonite,,2° Piso
Sucão,,3° Piso
Zee Dog,,Piso Térreo
The Good Cop Donuts,,3° Piso
Vivara,,2° Piso
My Phone,(11) 3595-1446 / (11) 96639-6671,3° Piso
Sunglass Hut,,2° Piso
Vivenda do Camarão,,3° Piso
ZEISS,,2° Piso
The North Face,,1° Piso
Super Grill,,3° Piso
Zinzane,,1º Piso
TIM,,Piso Térreo
Tip Top,,Piso Térreo
Tok&#038;Stok,,2° Piso
Track &#038; Field,,Piso Térreo
Tudo do seu Jeito,,1° Subsolo
